<?xml version="1.0" encoding="utf-8"?>
<SimscapeMultibodyImportXML xmlns="urn:mathworks:SimscapeMultibody:import"
                            xmlns:xsi="http://www.w3.org/2001/XMLSchema-instance"
                            version="2.0">
   <Created by="Beatriz Soriano Tortosa" from="Onshape" on="12/20/23||14:02:37"
            using="Simscape Multibody Exporter"/>
   <ModelUnits length="millimeter" mass="gram"/>
   <DataUnits length="meter" mass="kilogram"/>
   <RootAssembly name="Assembly" uid="0c335747ada062a3c5152f19"
                 version="w-3e864f7b725b26072aa1ba47">
      <InstanceTree>
         <Instance entityUid="RPBD*:*422e7aaaa7bf9dce380147a4" name="Part 20 &lt;1&gt;"
                   uid="M+2eHVvnKNB1MxLZL">
            <Transform>
               <Rotation>1.000000000 0.000000000 0.000000000 0.000000000 1.000000000 0.000000000 0.000000000 0.000000000 1.000000000 </Rotation>
               <Translation>0.000000000 0.000000000 0.000000000 </Translation>
            </Transform>
         </Instance>
         <Instance entityUid="R+BD*:*422e7aaaa7bf9dce380147a4" name="Part 34 &lt;1&gt;"
                   uid="MRqRTxAU0QSWouB90">
            <Transform>
               <Rotation>0.999199659 0.000000000 0.040000527 -0.000000000 1.000000000 0.000000000 -0.040000527 -0.000000000 0.999199659 </Rotation>
               <Translation>0.008754953 0.000000000 0.001240851 </Translation>
            </Transform>
         </Instance>
         <Instance entityUid="JkD*:*422e7aaaa7bf9dce380147a4" name="Part 10 &lt;1&gt;"
                   uid="M7MXx6AecKpl6IbJ8">
            <Transform>
               <Rotation>0.950104831 -0.000000000 0.311930777 0.000000000 1.000000000 -0.000000000 -0.311930777 0.000000000 0.950104831 </Rotation>
               <Translation>0.000000000 -0.000000000 0.000000000 </Translation>
            </Transform>
         </Instance>
         <Instance entityUid="R7BD*:*422e7aaaa7bf9dce380147a4" name="Part 33 &lt;1&gt;"
                   uid="MHmAIyT7gTm8rVmh3">
            <Transform>
               <Rotation>0.999199659 0.000000000 0.040000527 -0.000000000 1.000000000 0.000000000 -0.040000527 -0.000000000 0.999199659 </Rotation>
               <Translation>0.008754953 0.000000000 0.001240851 </Translation>
            </Transform>
         </Instance>
         <Instance entityUid="JeD*:*422e7aaaa7bf9dce380147a4" name="Part 8 &lt;1&gt;"
                   uid="MkpkMRHGYbJLFgS3x">
            <Transform>
               <Rotation>1.000000000 0.000000000 0.000000000 0.000000000 1.000000000 0.000000000 0.000000000 0.000000000 1.000000000 </Rotation>
               <Translation>0.000000000 0.000000000 0.000000000 </Translation>
            </Transform>
         </Instance>
         <Instance entityUid="RyBD*:*422e7aaaa7bf9dce380147a4" name="Part 30 &lt;1&gt;"
                   uid="MWHMBJWHd63yzRE4j">
            <Transform>
               <Rotation>0.976599319 0.000000000 -0.215066897 0.000000000 1.000000000 0.000000000 0.215066897 -0.000000000 0.976599319 </Rotation>
               <Translation>0.009240877 0.000000000 -0.010310411 </Translation>
            </Transform>
         </Instance>
         <Instance entityUid="RYBD*:*422e7aaaa7bf9dce380147a4" name="Part 23 &lt;1&gt;"
                   uid="MSgXRWfTiK9gAcPPd">
            <Transform>
               <Rotation>0.997032103 0.000000000 -0.076986920 0.000000000 1.000000000 0.000000000 0.076986920 -0.000000000 0.997032103 </Rotation>
               <Translation>0.012286727 0.000000000 0.002485723 </Translation>
            </Transform>
         </Instance>
         <Instance entityUid="R1BD*:*422e7aaaa7bf9dce380147a4" name="Part 31 &lt;1&gt;"
                   uid="MC7DNYQX7c+ZrnvzA">
            <Transform>
               <Rotation>0.999199659 0.000000000 0.040000527 -0.000000000 1.000000000 0.000000000 -0.040000527 -0.000000000 0.999199659 </Rotation>
               <Translation>0.008754953 0.000000000 0.001240851 </Translation>
            </Transform>
         </Instance>
         <Instance entityUid="JYD*:*422e7aaaa7bf9dce380147a4" name="Part 6 &lt;1&gt;"
                   uid="MIw35ywh72LKi7AbB">
            <Transform>
               <Rotation>0.950104831 -0.000000000 0.311930777 0.000000000 1.000000000 -0.000000000 -0.311930777 0.000000000 0.950104831 </Rotation>
               <Translation>-0.000000000 -0.000000000 -0.000000000 </Translation>
            </Transform>
         </Instance>
         <Instance entityUid="JVD*:*422e7aaaa7bf9dce380147a4" name="Part 5 &lt;1&gt;"
                   uid="MynBVfUU+E1te4mPM">
            <Transform>
               <Rotation>0.999587115 -0.000000000 0.028733247 0.000000000 1.000000000 -0.000000000 -0.028733247 0.000000000 0.999587115 </Rotation>
               <Translation>-0.009101163 -0.000000000 -0.001342296 </Translation>
            </Transform>
         </Instance>
         <Instance entityUid="RSBD*:*422e7aaaa7bf9dce380147a4" name="Part 21 &lt;1&gt;"
                   uid="MTzYZz5Mrcoif/lFG">
            <Transform>
               <Rotation>0.949141484 0.000000000 -0.314849875 0.000000000 1.000000000 0.000000000 0.314849875 -0.000000000 0.949141484 </Rotation>
               <Translation>0.009102254 -0.000000000 0.018269700 </Translation>
            </Transform>
         </Instance>
         <Instance entityUid="JMD*:*422e7aaaa7bf9dce380147a4" name="Part 2 &lt;1&gt;"
                   uid="MKJuudjXPn7BM+e8Z">
            <Transform>
               <Rotation>0.999587115 -0.000000000 0.028733247 0.000000000 1.000000000 -0.000000000 -0.028733247 0.000000000 0.999587115 </Rotation>
               <Translation>-0.009101163 -0.000000000 -0.001342296 </Translation>
            </Transform>
         </Instance>
         <Instance entityUid="ReBD*:*422e7aaaa7bf9dce380147a4" name="Part 25 &lt;1&gt;"
                   uid="MZ5RLa4gP1alk6CCa">
            <Transform>
               <Rotation>0.997035842 0.000000000 -0.076938474 0.000000000 1.000000000 0.000000000 0.076938474 -0.000000000 0.997035842 </Rotation>
               <Translation>0.012285987 0.000000000 0.002481623 </Translation>
            </Transform>
         </Instance>
         <Instance entityUid="JhD*:*422e7aaaa7bf9dce380147a4" name="Part 9 &lt;1&gt;"
                   uid="MeoV3EVd8sqrVD15c">
            <Transform>
               <Rotation>1.000000000 0.000000000 0.000000000 0.000000000 1.000000000 0.000000000 0.000000000 0.000000000 1.000000000 </Rotation>
               <Translation>0.000000000 0.000000000 0.000000000 </Translation>
            </Transform>
         </Instance>
         <Instance entityUid="J7D*:*422e7aaaa7bf9dce380147a4" name="Part 16 &lt;1&gt;"
                   uid="Mu4dm2/molVK9BjjF">
            <Transform>
               <Rotation>0.969592324 -0.000000000 0.244725818 0.000000000 1.000000000 -0.000000000 -0.244725818 0.000000000 0.969592324 </Rotation>
               <Translation>-0.007549403 -0.000000000 0.013860238 </Translation>
            </Transform>
         </Instance>
         <Instance entityUid="J/D*:*422e7aaaa7bf9dce380147a4" name="Part 17 &lt;1&gt;"
                   uid="MXzZbBmkDaKQkFjS8">
            <Transform>
               <Rotation>0.999907993 -0.000000000 0.013564897 0.000000000 1.000000000 -0.000000000 -0.013564897 0.000000000 0.999907993 </Rotation>
               <Translation>-0.009565224 -0.000000000 -0.001484963 </Translation>
            </Transform>
         </Instance>
         <Instance entityUid="J4D*:*422e7aaaa7bf9dce380147a4" name="Part 15 &lt;1&gt;"
                   uid="MJkF9MQs/yTioq4PS">
            <Transform>
               <Rotation>0.999907993 -0.000000000 0.013564897 0.000000000 1.000000000 -0.000000000 -0.013564897 0.000000000 0.999907993 </Rotation>
               <Translation>-0.009559894 -0.000000000 -0.001500755 </Translation>
            </Transform>
         </Instance>
         <Instance entityUid="RkBD*:*422e7aaaa7bf9dce380147a4" name="Part 27 &lt;1&gt;"
                   uid="Mt3FgXT9/aIAVV+Fe">
            <Transform>
               <Rotation>0.950104831 0.000000000 0.311930777 -0.000000000 1.000000000 0.000000000 -0.311930777 -0.000000000 0.950104831 </Rotation>
               <Translation>-0.000000000 -0.000000000 0.000000000 </Translation>
            </Transform>
         </Instance>
         <Instance entityUid="RVBD*:*422e7aaaa7bf9dce380147a4" name="Part 22 &lt;1&gt;"
                   uid="MXMV9Eqn08eom2L6d">
            <Transform>
               <Rotation>0.997030684 0.000000000 -0.077005295 0.000000000 1.000000000 0.000000000 0.077005295 -0.000000000 0.997030684 </Rotation>
               <Translation>0.012285643 0.000000000 0.002486058 </Translation>
            </Transform>
         </Instance>
         <Instance entityUid="JbD*:*422e7aaaa7bf9dce380147a4" name="Part 7 &lt;1&gt;"
                   uid="M4F6ctRcHkFPCskYT">
            <Transform>
               <Rotation>1.000000000 0.000000000 0.000000000 0.000000000 1.000000000 0.000000000 0.000000000 0.000000000 1.000000000 </Rotation>
               <Translation>0.000000000 0.000000000 0.000000000 </Translation>
            </Transform>
         </Instance>
         <Instance entityUid="JSD*:*422e7aaaa7bf9dce380147a4" name="Part 4 &lt;1&gt;"
                   uid="M3s1jUyctnM5YbsmK">
            <Transform>
               <Rotation>0.999587115 -0.000000000 0.028733247 0.000000000 1.000000000 -0.000000000 -0.028733247 0.000000000 0.999587115 </Rotation>
               <Translation>-0.009101163 -0.000000000 -0.001342296 </Translation>
            </Transform>
         </Instance>
         <Instance entityUid="JPD*:*422e7aaaa7bf9dce380147a4" name="Part 3 &lt;1&gt;"
                   uid="MsVyb6yZkElm/xbGR">
            <Transform>
               <Rotation>0.973827118 -0.000000000 0.227290000 0.000000000 1.000000000 -0.000000000 -0.227290000 0.000000000 0.973827118 </Rotation>
               <Translation>-0.009841070 -0.000000000 -0.010842582 </Translation>
            </Transform>
         </Instance>
         <Instance entityUid="J1D*:*422e7aaaa7bf9dce380147a4" name="Part 14 &lt;1&gt;"
                   uid="MkE/8tQ2r7nvBIxz3">
            <Transform>
               <Rotation>0.999907993 -0.000000000 0.013564897 0.000000000 1.000000000 -0.000000000 -0.013564897 0.000000000 0.999907993 </Rotation>
               <Translation>-0.009565224 -0.000000000 -0.001484963 </Translation>
            </Transform>
         </Instance>
         <Instance entityUid="JJD*:*422e7aaaa7bf9dce380147a4" name="Part 1 &lt;1&gt;"
                   uid="M/CiqqQpBnCskr4+V">
            <Transform>
               <Rotation>0.999587115 -0.000000000 0.028733247 0.000000000 1.000000000 -0.000000000 -0.028733247 0.000000000 0.999587115 </Rotation>
               <Translation>-0.009101163 -0.000000000 -0.001342296 </Translation>
            </Transform>
         </Instance>
         <Instance entityUid="JnD*:*422e7aaaa7bf9dce380147a4" name="Part 11 &lt;1&gt;"
                   uid="MdfptBOuobMyMRenb">
            <Transform>
               <Rotation>1.000000000 0.000000000 0.000000000 0.000000000 1.000000000 0.000000000 0.000000000 0.000000000 1.000000000 </Rotation>
               <Translation>-0.000000000 0.000000000 -0.000000000 </Translation>
            </Transform>
         </Instance>
         <Instance entityUid="RbBD*:*422e7aaaa7bf9dce380147a4" name="Part 24 &lt;1&gt;"
                   uid="Md/ldxY9ay6PXaDwt">
            <Transform>
               <Rotation>0.997032103 0.000000000 -0.076986920 0.000000000 1.000000000 0.000000000 0.076986920 -0.000000000 0.997032103 </Rotation>
               <Translation>0.012287001 0.000000000 0.002482877 </Translation>
            </Transform>
         </Instance>
         <Instance entityUid="RFBD*:*422e7aaaa7bf9dce380147a4" name="Part 19 &lt;1&gt;"
                   uid="MRdTCvrtZxh/K4wT1">
            <Transform>
               <Rotation>0.000000000 -0.000000000 1.000000000 0.000000000 1.000000000 0.000000000 -1.000000000 0.000000000 0.000000000 </Rotation>
               <Translation>0.014690484 0.000000000 0.089309516 </Translation>
            </Transform>
         </Instance>
         <Instance entityUid="R4BD*:*422e7aaaa7bf9dce380147a4" name="Part 32 &lt;1&gt;"
                   uid="MLXebeq1y6JZgNbcM">
            <Transform>
               <Rotation>0.999199659 0.000000000 0.040000527 -0.000000000 1.000000000 0.000000000 -0.040000527 -0.000000000 0.999199659 </Rotation>
               <Translation>0.008754953 0.000000000 0.001240851 </Translation>
            </Transform>
         </Instance>
         <Instance entityUid="JtD*:*422e7aaaa7bf9dce380147a4" name="Part 13 &lt;1&gt;"
                   uid="M+ZfB3SNIZe8V55is">
            <Transform>
               <Rotation>1.000000000 0.000000000 -0.000000000 0.000000000 1.000000000 0.000000000 0.000000000 -0.000000000 1.000000000 </Rotation>
               <Translation>-0.000000000 -0.000000000 0.000000000 </Translation>
            </Transform>
         </Instance>
         <Instance entityUid="RhBD*:*422e7aaaa7bf9dce380147a4" name="Part 26 &lt;1&gt;"
                   uid="MEhe6EvhF50paFOVB">
            <Transform>
               <Rotation>1.000000000 0.000000000 0.000000000 0.000000000 1.000000000 0.000000000 0.000000000 0.000000000 1.000000000 </Rotation>
               <Translation>0.000000000 0.000000000 0.000000000 </Translation>
            </Transform>
         </Instance>
         <Instance entityUid="RCBD*:*422e7aaaa7bf9dce380147a4" name="Part 18 &lt;1&gt;"
                   uid="M1/w5YNcix31CdHRM">
            <Transform>
               <Rotation>0.999907993 -0.000000000 0.013564897 0.000000000 1.000000000 -0.000000000 -0.013564897 0.000000000 0.999907993 </Rotation>
               <Translation>-0.009563336 -0.000000000 -0.001486295 </Translation>
            </Transform>
         </Instance>
         <Instance entityUid="RnBD*:*422e7aaaa7bf9dce380147a4" name="Part 28 &lt;1&gt;"
                   uid="MCjqOdb0ZHFImRkI9">
            <Transform>
               <Rotation>0.950104831 0.000000000 0.311930777 -0.000000000 1.000000000 0.000000000 -0.311930777 -0.000000000 0.950104831 </Rotation>
               <Translation>-0.000000000 -0.000000000 0.000000000 </Translation>
            </Transform>
         </Instance>
         <Instance entityUid="JqD*:*422e7aaaa7bf9dce380147a4" grounded="true" name="Part 12 &lt;1&gt;"
                   uid="Md/X0B0TzJAZZ0+Qc">
            <Transform>
               <Rotation>1.000000000 0.000000000 0.000000000 0.000000000 1.000000000 0.000000000 0.000000000 0.000000000 1.000000000 </Rotation>
               <Translation>0.000000000 0.000000000 0.000000000 </Translation>
            </Transform>
         </Instance>
         <Instance entityUid="RvBD*:*422e7aaaa7bf9dce380147a4" name="Part 29 &lt;1&gt;"
                   uid="M02Z7wFD2+BwEdrh+">
            <Transform>
               <Rotation>1.000000000 0.000000000 -0.000000000 0.000000000 1.000000000 0.000000000 0.000000000 -0.000000000 1.000000000 </Rotation>
               <Translation>-0.000000000 -0.000000000 0.000000000 </Translation>
            </Transform>
         </Instance>
      </InstanceTree>
      <Constraints>
         <Parallel name="Parallel1">
            <ConstraintGeometry geomType="plane">
               <InstancePath>
                  <Uid>M7MXx6AecKpl6IbJ8</Uid>
               </InstancePath>
               <Position>0.008726865 0.043500000 -0.013966096 </Position>
               <Axis>0.949420397 0.000000000 0.314007817 </Axis>
            </ConstraintGeometry>
            <ConstraintGeometry geomType="plane">
               <InstancePath>
                  <Uid>Mt3FgXT9/aIAVV+Fe</Uid>
               </InstancePath>
               <Position>-0.001321386 0.082700000 0.016415357 </Position>
               <Axis>0.949420397 0.000000000 0.314007817 </Axis>
            </ConstraintGeometry>
         </Parallel>
      </Constraints>
      <Joints>
         <Weld name="Fastened1">
            <BaseFrame>
               <InstancePath>
                  <Uid>M+ZfB3SNIZe8V55is</Uid>
               </InstancePath>
               <Transform>
                  <Rotation>1.000000000 -0.000000000 0.000000000 0.000000000 0.000000000 -1.000000000 0.000000000 1.000000000 0.000000000 </Rotation>
                  <Translation>0.000000000 0.067000000 -0.000000000 </Translation>
               </Transform>
            </BaseFrame>
            <FollowerFrame>
               <InstancePath>
                  <Uid>Md/X0B0TzJAZZ0+Qc</Uid>
               </InstancePath>
               <Transform>
                  <Rotation>1.000000000 -0.000000000 0.000000000 0.000000000 0.000000000 -1.000000000 0.000000000 1.000000000 0.000000000 </Rotation>
                  <Translation>0.000000000 0.067000000 -0.000000000 </Translation>
               </Transform>
            </FollowerFrame>
         </Weld>
         <Weld name="Fastened2">
            <BaseFrame>
               <InstancePath>
                  <Uid>MdfptBOuobMyMRenb</Uid>
               </InstancePath>
               <Transform>
                  <Rotation>1.000000000 -0.000000000 0.000000000 0.000000000 0.000000000 -1.000000000 0.000000000 1.000000000 0.000000000 </Rotation>
                  <Translation>0.052000000 0.067000000 0.037309516 </Translation>
               </Transform>
            </BaseFrame>
            <FollowerFrame>
               <InstancePath>
                  <Uid>M+ZfB3SNIZe8V55is</Uid>
               </InstancePath>
               <Transform>
                  <Rotation>1.000000000 -0.000000000 0.000000000 0.000000000 0.000000000 -1.000000000 0.000000000 1.000000000 0.000000000 </Rotation>
                  <Translation>0.052000000 0.067000000 0.037309516 </Translation>
               </Transform>
            </FollowerFrame>
         </Weld>
         <Weld name="Fastened3">
            <BaseFrame>
               <InstancePath>
                  <Uid>MkpkMRHGYbJLFgS3x</Uid>
               </InstancePath>
               <Transform>
                  <Rotation>1.000000000 -0.000000000 0.000000000 0.000000000 0.000000000 -1.000000000 0.000000000 1.000000000 0.000000000 </Rotation>
                  <Translation>0.000000000 0.059200000 -0.000000000 </Translation>
               </Transform>
            </BaseFrame>
            <FollowerFrame>
               <InstancePath>
                  <Uid>Md/X0B0TzJAZZ0+Qc</Uid>
               </InstancePath>
               <Transform>
                  <Rotation>1.000000000 -0.000000000 0.000000000 0.000000000 0.000000000 -1.000000000 0.000000000 1.000000000 0.000000000 </Rotation>
                  <Translation>0.000000000 0.059200000 -0.000000000 </Translation>
               </Transform>
            </FollowerFrame>
         </Weld>
         <Weld name="Fastened4">
            <BaseFrame>
               <InstancePath>
                  <Uid>M4F6ctRcHkFPCskYT</Uid>
               </InstancePath>
               <Transform>
                  <Rotation>1.000000000 -0.000000000 0.000000000 0.000000000 0.000000000 -1.000000000 0.000000000 1.000000000 0.000000000 </Rotation>
                  <Translation>-0.052000000 0.051400000 0.037309516 </Translation>
               </Transform>
            </BaseFrame>
            <FollowerFrame>
               <InstancePath>
                  <Uid>MkpkMRHGYbJLFgS3x</Uid>
               </InstancePath>
               <Transform>
                  <Rotation>1.000000000 -0.000000000 0.000000000 0.000000000 0.000000000 -1.000000000 0.000000000 1.000000000 0.000000000 </Rotation>
                  <Translation>-0.052000000 0.051400000 0.037309516 </Translation>
               </Transform>
            </FollowerFrame>
         </Weld>
         <Revolute name="Revolute1">
            <BaseFrame>
               <InstancePath>
                  <Uid>MsVyb6yZkElm/xbGR</Uid>
               </InstancePath>
               <Transform>
                  <Rotation>1.000000000 0.000000000 -0.000000000 0.000000000 0.000000000 -1.000000000 0.000000000 1.000000000 -0.000000000 </Rotation>
                  <Translation>-0.052000000 0.023400000 0.037309516 </Translation>
               </Transform>
            </BaseFrame>
            <FollowerFrame>
               <InstancePath>
                  <Uid>M4F6ctRcHkFPCskYT</Uid>
               </InstancePath>
               <Transform>
                  <Rotation>1.000000000 -0.000000000 0.000000000 0.000000000 0.000000000 -1.000000000 0.000000000 1.000000000 0.000000000 </Rotation>
                  <Translation>-0.052000000 0.023400000 0.037309516 </Translation>
               </Transform>
            </FollowerFrame>
         </Revolute>
         <Revolute name="Revolute2">
            <BaseFrame>
               <InstancePath>
                  <Uid>MKJuudjXPn7BM+e8Z</Uid>
               </InstancePath>
               <Transform>
                  <Rotation>1.000000000 0.000000000 -0.000000000 0.000000000 0.000000000 -1.000000000 0.000000000 1.000000000 -0.000000000 </Rotation>
                  <Translation>-0.047530155 0.015600000 -0.002439955 </Translation>
               </Transform>
            </BaseFrame>
            <FollowerFrame>
               <InstancePath>
                  <Uid>MsVyb6yZkElm/xbGR</Uid>
               </InstancePath>
               <Transform>
                  <Rotation>1.000000000 -0.000000000 0.000000000 0.000000000 0.000000000 -1.000000000 0.000000000 1.000000000 0.000000000 </Rotation>
                  <Translation>-0.047530155 0.015600000 -0.002439955 </Translation>
               </Transform>
            </FollowerFrame>
         </Revolute>
         <Revolute name="Revolute3">
            <BaseFrame>
               <InstancePath>
                  <Uid>MeoV3EVd8sqrVD15c</Uid>
               </InstancePath>
               <Transform>
                  <Rotation>1.000000000 0.000000000 -0.000000000 0.000000000 0.000000000 1.000000000 0.000000000 -1.000000000 -0.000000000 </Rotation>
                  <Translation>0.000000000 0.047400000 -0.000000000 </Translation>
               </Transform>
            </BaseFrame>
            <FollowerFrame>
               <InstancePath>
                  <Uid>M7MXx6AecKpl6IbJ8</Uid>
               </InstancePath>
               <Transform>
                  <Rotation>1.000000000 0.000000000 0.000000000 0.000000000 0.000000000 1.000000000 0.000000000 -1.000000000 0.000000000 </Rotation>
                  <Translation>0.000000000 0.047400000 -0.000000000 </Translation>
               </Transform>
            </FollowerFrame>
         </Revolute>
         <Weld name="Fastened5">
            <BaseFrame>
               <InstancePath>
                  <Uid>MeoV3EVd8sqrVD15c</Uid>
               </InstancePath>
               <Transform>
                  <Rotation>1.000000000 0.000000000 -0.000000000 0.000000000 0.000000000 -1.000000000 0.000000000 1.000000000 -0.000000000 </Rotation>
                  <Translation>0.000000000 0.051400000 -0.000000000 </Translation>
               </Transform>
            </BaseFrame>
            <FollowerFrame>
               <InstancePath>
                  <Uid>MkpkMRHGYbJLFgS3x</Uid>
               </InstancePath>
               <Transform>
                  <Rotation>1.000000000 -0.000000000 0.000000000 0.000000000 0.000000000 -1.000000000 0.000000000 1.000000000 0.000000000 </Rotation>
                  <Translation>0.000000000 0.051400000 -0.000000000 </Translation>
               </Transform>
            </FollowerFrame>
         </Weld>
         <Weld name="Fastened6">
            <BaseFrame>
               <InstancePath>
                  <Uid>MIw35ywh72LKi7AbB</Uid>
               </InstancePath>
               <Transform>
                  <Rotation>1.000000000 0.000000000 -0.000000000 0.000000000 0.000000000 -1.000000000 0.000000000 1.000000000 -0.000000000 </Rotation>
                  <Translation>0.010048250 0.039600000 -0.030381453 </Translation>
               </Transform>
            </BaseFrame>
            <FollowerFrame>
               <InstancePath>
                  <Uid>M7MXx6AecKpl6IbJ8</Uid>
               </InstancePath>
               <Transform>
                  <Rotation>1.000000000 -0.000000000 0.000000000 0.000000000 0.000000000 -1.000000000 0.000000000 1.000000000 0.000000000 </Rotation>
                  <Translation>0.010048250 0.039600000 -0.030381453 </Translation>
               </Transform>
            </FollowerFrame>
         </Weld>
         <Revolute name="Revolute4">
            <BaseFrame>
               <InstancePath>
                  <Uid>MIw35ywh72LKi7AbB</Uid>
               </InstancePath>
               <Transform>
                  <Rotation>1.000000000 0.000000000 -0.000000000 0.000000000 0.000000000 1.000000000 0.000000000 -1.000000000 -0.000000000 </Rotation>
                  <Translation>0.010048250 0.015600000 -0.030381453 </Translation>
               </Transform>
            </BaseFrame>
            <FollowerFrame>
               <InstancePath>
                  <Uid>MKJuudjXPn7BM+e8Z</Uid>
               </InstancePath>
               <Transform>
                  <Rotation>1.000000000 0.000000000 0.000000000 0.000000000 0.000000000 1.000000000 0.000000000 -1.000000000 0.000000000 </Rotation>
                  <Translation>0.010048250 0.015600000 -0.030381453 </Translation>
               </Transform>
            </FollowerFrame>
         </Revolute>
         <Revolute name="Revolute5">
            <BaseFrame>
               <InstancePath>
                  <Uid>MKJuudjXPn7BM+e8Z</Uid>
               </InstancePath>
               <Transform>
                  <Rotation>1.000000000 -0.000000000 0.000000000 0.000000000 0.000000000 -1.000000000 0.000000000 1.000000000 0.000000000 </Rotation>
                  <Translation>-0.047530155 0.007800000 -0.002439955 </Translation>
               </Transform>
            </BaseFrame>
            <FollowerFrame>
               <InstancePath>
                  <Uid>M/CiqqQpBnCskr4+V</Uid>
               </InstancePath>
               <Transform>
                  <Rotation>1.000000000 -0.000000000 0.000000000 0.000000000 0.000000000 -1.000000000 0.000000000 1.000000000 0.000000000 </Rotation>
                  <Translation>-0.047530155 0.007800000 -0.002439955 </Translation>
               </Transform>
            </FollowerFrame>
         </Revolute>
         <Revolute name="Revolute7">
            <BaseFrame>
               <InstancePath>
                  <Uid>M/CiqqQpBnCskr4+V</Uid>
               </InstancePath>
               <Transform>
                  <Rotation>1.000000000 0.000000000 -0.000000000 0.000000000 0.000000000 -1.000000000 0.000000000 1.000000000 -0.000000000 </Rotation>
                  <Translation>-0.068563752 0.007800000 -0.071299144 </Translation>
               </Transform>
            </BaseFrame>
            <FollowerFrame>
               <InstancePath>
                  <Uid>M3s1jUyctnM5YbsmK</Uid>
               </InstancePath>
               <Transform>
                  <Rotation>1.000000000 -0.000000000 0.000000000 0.000000000 0.000000000 -1.000000000 0.000000000 1.000000000 0.000000000 </Rotation>
                  <Translation>-0.068563752 0.007800000 -0.071299144 </Translation>
               </Transform>
            </FollowerFrame>
         </Revolute>
         <Weld name="Fastened7">
            <BaseFrame>
               <InstancePath>
                  <Uid>M3s1jUyctnM5YbsmK</Uid>
               </InstancePath>
               <Transform>
                  <Rotation>1.000000000 0.000000000 -0.000000000 0.000000000 0.000000000 1.000000000 0.000000000 -1.000000000 -0.000000000 </Rotation>
                  <Translation>-0.017371834 0.007800000 -0.032888370 </Translation>
               </Transform>
            </BaseFrame>
            <FollowerFrame>
               <InstancePath>
                  <Uid>MynBVfUU+E1te4mPM</Uid>
               </InstancePath>
               <Transform>
                  <Rotation>1.000000000 0.000000000 0.000000000 0.000000000 0.000000000 1.000000000 0.000000000 -1.000000000 0.000000000 </Rotation>
                  <Translation>-0.017371834 0.007800000 -0.032888370 </Translation>
               </Transform>
            </FollowerFrame>
         </Weld>
         <Revolute name="Revolute6">
            <BaseFrame>
               <InstancePath>
                  <Uid>MynBVfUU+E1te4mPM</Uid>
               </InstancePath>
               <Transform>
                  <Rotation>1.000000000 0.000000000 -0.000000000 0.000000000 0.000000000 -1.000000000 0.000000000 1.000000000 -0.000000000 </Rotation>
                  <Translation>-0.004573854 0.007800000 -0.023285676 </Translation>
               </Transform>
            </BaseFrame>
            <FollowerFrame>
               <InstancePath>
                  <Uid>MKJuudjXPn7BM+e8Z</Uid>
               </InstancePath>
               <Transform>
                  <Rotation>1.000000000 -0.000000000 0.000000000 0.000000000 0.000000000 -1.000000000 0.000000000 1.000000000 0.000000000 </Rotation>
                  <Translation>-0.004573854 0.007800000 -0.023285676 </Translation>
               </Transform>
            </FollowerFrame>
         </Revolute>
         <Revolute name="Revolute8">
            <BaseFrame>
               <InstancePath>
                  <Uid>MkE/8tQ2r7nvBIxz3</Uid>
               </InstancePath>
               <Transform>
                  <Rotation>1.000000000 0.000000000 -0.000000000 0.000000000 0.000000000 -1.000000000 0.000000000 1.000000000 -0.000000000 </Rotation>
                  <Translation>0.010048250 0.007800000 -0.030381453 </Translation>
               </Transform>
            </BaseFrame>
            <FollowerFrame>
               <InstancePath>
                  <Uid>MKJuudjXPn7BM+e8Z</Uid>
               </InstancePath>
               <Transform>
                  <Rotation>1.000000000 -0.000000000 0.000000000 0.000000000 0.000000000 -1.000000000 0.000000000 1.000000000 0.000000000 </Rotation>
                  <Translation>0.010048250 0.007800000 -0.030381453 </Translation>
               </Transform>
            </FollowerFrame>
         </Revolute>
         <Revolute name="Revolute9">
            <BaseFrame>
               <InstancePath>
                  <Uid>MkE/8tQ2r7nvBIxz3</Uid>
               </InstancePath>
               <Transform>
                  <Rotation>1.000000000 0.000000000 -0.000000000 0.000000000 0.000000000 -1.000000000 0.000000000 1.000000000 -0.000000000 </Rotation>
                  <Translation>0.066385076 0.007800000 -0.000014331 </Translation>
               </Transform>
            </BaseFrame>
            <FollowerFrame>
               <InstancePath>
                  <Uid>MJkF9MQs/yTioq4PS</Uid>
               </InstancePath>
               <Transform>
                  <Rotation>1.000000000 -0.000000000 0.000000000 0.000000000 0.000000000 -1.000000000 0.000000000 1.000000000 0.000000000 </Rotation>
                  <Translation>0.066379533 0.007800000 0.000001388 </Translation>
               </Transform>
            </FollowerFrame>
         </Revolute>
         <Revolute name="Revolute10">
            <BaseFrame>
               <InstancePath>
                  <Uid>MJkF9MQs/yTioq4PS</Uid>
               </InstancePath>
               <Transform>
                  <Rotation>1.000000000 0.000000000 -0.000000000 0.000000000 0.000000000 -1.000000000 0.000000000 1.000000000 -0.000000000 </Rotation>
                  <Translation>0.066379533 0.015600000 0.000001388 </Translation>
               </Transform>
            </BaseFrame>
            <FollowerFrame>
               <InstancePath>
                  <Uid>Mu4dm2/molVK9BjjF</Uid>
               </InstancePath>
               <Transform>
                  <Rotation>1.000000000 -0.000000000 0.000000000 0.000000000 0.000000000 -1.000000000 0.000000000 1.000000000 0.000000000 </Rotation>
                  <Translation>0.066385076 0.015600000 -0.000014331 </Translation>
               </Transform>
            </FollowerFrame>
         </Revolute>
         <Revolute name="Revolute14">
            <BaseFrame>
               <InstancePath>
                  <Uid>Mu4dm2/molVK9BjjF</Uid>
               </InstancePath>
               <Transform>
                  <Rotation>1.000000000 0.000000000 -0.000000000 0.000000000 0.000000000 -1.000000000 0.000000000 1.000000000 -0.000000000 </Rotation>
                  <Translation>0.052000000 0.023400000 0.037309516 </Translation>
               </Transform>
            </BaseFrame>
            <FollowerFrame>
               <InstancePath>
                  <Uid>MRdTCvrtZxh/K4wT1</Uid>
               </InstancePath>
               <Transform>
                  <Rotation>1.000000000 -0.000000000 0.000000000 0.000000000 0.000000000 -1.000000000 0.000000000 1.000000000 0.000000000 </Rotation>
                  <Translation>0.052000000 0.023400000 0.037309516 </Translation>
               </Transform>
            </FollowerFrame>
         </Revolute>
         <Weld name="Fastened8">
            <BaseFrame>
               <InstancePath>
                  <Uid>MdfptBOuobMyMRenb</Uid>
               </InstancePath>
               <Transform>
                  <Rotation>-0.000000000 -1.000000000 -0.000000000 -0.000000000 0.000000000 1.000000000 -1.000000000 0.000000000 -0.000000000 </Rotation>
                  <Translation>0.052000000 0.059200000 0.037309516 </Translation>
               </Transform>
            </BaseFrame>
            <FollowerFrame>
               <InstancePath>
                  <Uid>MRdTCvrtZxh/K4wT1</Uid>
               </InstancePath>
               <Transform>
                  <Rotation>1.000000000 0.000000000 0.000000000 0.000000000 0.000000000 1.000000000 0.000000000 -1.000000000 0.000000000 </Rotation>
                  <Translation>0.052000000 0.059200000 0.037309516 </Translation>
               </Transform>
            </FollowerFrame>
         </Weld>
         <Weld name="Fastened9">
            <BaseFrame>
               <InstancePath>
                  <Uid>MXzZbBmkDaKQkFjS8</Uid>
               </InstancePath>
               <Transform>
                  <Rotation>1.000000000 0.000000000 -0.000000000 0.000000000 0.000000000 -1.000000000 0.000000000 1.000000000 -0.000000000 </Rotation>
                  <Translation>0.037550196 0.007800000 -0.031718900 </Translation>
               </Transform>
            </BaseFrame>
            <FollowerFrame>
               <InstancePath>
                  <Uid>M1/w5YNcix31CdHRM</Uid>
               </InstancePath>
               <Transform>
                  <Rotation>1.000000000 -0.000000000 0.000000000 0.000000000 0.000000000 -1.000000000 0.000000000 1.000000000 0.000000000 </Rotation>
                  <Translation>0.037548291 0.007800000 -0.031717593 </Translation>
               </Transform>
            </FollowerFrame>
         </Weld>
         <Weld name="Fastened10">
            <BaseFrame>
               <InstancePath>
                  <Uid>M+2eHVvnKNB1MxLZL</Uid>
               </InstancePath>
               <Transform>
                  <Rotation>1.000000000 0.000000000 -0.000000000 0.000000000 0.000000000 1.000000000 0.000000000 -1.000000000 -0.000000000 </Rotation>
                  <Translation>-0.052000000 0.067000000 0.037309516 </Translation>
               </Transform>
            </BaseFrame>
            <FollowerFrame>
               <InstancePath>
                  <Uid>MdfptBOuobMyMRenb</Uid>
               </InstancePath>
               <Transform>
                  <Rotation>1.000000000 0.000000000 0.000000000 0.000000000 0.000000000 1.000000000 0.000000000 -1.000000000 0.000000000 </Rotation>
                  <Translation>-0.052000000 0.067000000 0.037309516 </Translation>
               </Transform>
            </FollowerFrame>
         </Weld>
         <Revolute name="Revolute13">
            <BaseFrame>
               <InstancePath>
                  <Uid>MTzYZz5Mrcoif/lFG</Uid>
               </InstancePath>
               <Transform>
                  <Rotation>1.000000000 0.000000000 -0.000000000 0.000000000 0.000000000 1.000000000 0.000000000 -1.000000000 -0.000000000 </Rotation>
                  <Translation>-0.052000000 0.102800000 0.037309516 </Translation>
               </Transform>
            </BaseFrame>
            <FollowerFrame>
               <InstancePath>
                  <Uid>M+2eHVvnKNB1MxLZL</Uid>
               </InstancePath>
               <Transform>
                  <Rotation>1.000000000 0.000000000 0.000000000 0.000000000 0.000000000 1.000000000 0.000000000 -1.000000000 0.000000000 </Rotation>
                  <Translation>-0.052000000 0.102800000 0.037309516 </Translation>
               </Transform>
            </FollowerFrame>
         </Revolute>
         <Revolute name="Revolute15">
            <BaseFrame>
               <InstancePath>
                  <Uid>MTzYZz5Mrcoif/lFG</Uid>
               </InstancePath>
               <Transform>
                  <Rotation>1.000000000 0.000000000 -0.000000000 0.000000000 0.000000000 -1.000000000 0.000000000 1.000000000 -0.000000000 </Rotation>
                  <Translation>-0.066365560 0.110600000 -0.000021847 </Translation>
               </Transform>
            </BaseFrame>
            <FollowerFrame>
               <InstancePath>
                  <Uid>MXMV9Eqn08eom2L6d</Uid>
               </InstancePath>
               <Transform>
                  <Rotation>1.000000000 -0.000000000 0.000000000 0.000000000 0.000000000 -1.000000000 0.000000000 1.000000000 0.000000000 </Rotation>
                  <Translation>-0.066365560 0.110600000 -0.000021847 </Translation>
               </Transform>
            </FollowerFrame>
         </Revolute>
         <Revolute name="Revolute16">
            <BaseFrame>
               <InstancePath>
                  <Uid>MSgXRWfTiK9gAcPPd</Uid>
               </InstancePath>
               <Transform>
                  <Rotation>1.000000000 0.000000000 -0.000000000 0.000000000 0.000000000 1.000000000 0.000000000 -1.000000000 -0.000000000 </Rotation>
                  <Translation>-0.022615382 0.118400000 -0.057205079 </Translation>
               </Transform>
            </BaseFrame>
            <FollowerFrame>
               <InstancePath>
                  <Uid>MXMV9Eqn08eom2L6d</Uid>
               </InstancePath>
               <Transform>
                  <Rotation>1.000000000 0.000000000 0.000000000 0.000000000 0.000000000 1.000000000 0.000000000 -1.000000000 0.000000000 </Rotation>
                  <Translation>-0.022615382 0.118400000 -0.057205079 </Translation>
               </Transform>
            </FollowerFrame>
         </Revolute>
         <Revolute name="Revolute17">
            <BaseFrame>
               <InstancePath>
                  <Uid>MZ5RLa4gP1alk6CCa</Uid>
               </InstancePath>
               <Transform>
                  <Rotation>1.000000000 0.000000000 -0.000000000 0.000000000 0.000000000 1.000000000 0.000000000 -1.000000000 -0.000000000 </Rotation>
                  <Translation>-0.066365560 0.118400000 -0.000021847 </Translation>
               </Transform>
            </BaseFrame>
            <FollowerFrame>
               <InstancePath>
                  <Uid>MXMV9Eqn08eom2L6d</Uid>
               </InstancePath>
               <Transform>
                  <Rotation>1.000000000 0.000000000 0.000000000 0.000000000 0.000000000 1.000000000 0.000000000 -1.000000000 0.000000000 </Rotation>
                  <Translation>-0.066365560 0.118400000 -0.000021847 </Translation>
               </Transform>
            </FollowerFrame>
         </Revolute>
         <Revolute name="Revolute19">
            <BaseFrame>
               <InstancePath>
                  <Uid>Md/ldxY9ay6PXaDwt</Uid>
               </InstancePath>
               <Transform>
                  <Rotation>1.000000000 0.000000000 -0.000000000 0.000000000 0.000000000 -1.000000000 0.000000000 1.000000000 -0.000000000 </Rotation>
                  <Translation>-0.024127578 0.118400000 0.022780628 </Translation>
               </Transform>
            </BaseFrame>
            <FollowerFrame>
               <InstancePath>
                  <Uid>MZ5RLa4gP1alk6CCa</Uid>
               </InstancePath>
               <Transform>
                  <Rotation>1.000000000 -0.000000000 0.000000000 0.000000000 0.000000000 -1.000000000 0.000000000 1.000000000 0.000000000 </Rotation>
                  <Translation>-0.024127578 0.118400000 0.022780628 </Translation>
               </Transform>
            </FollowerFrame>
         </Revolute>
         <Weld name="Fastened13">
            <BaseFrame>
               <InstancePath>
                  <Uid>MSgXRWfTiK9gAcPPd</Uid>
               </InstancePath>
               <Transform>
                  <Rotation>1.000000000 0.000000000 -0.000000000 0.000000000 0.000000000 1.000000000 0.000000000 -1.000000000 -0.000000000 </Rotation>
                  <Translation>-0.023825084 0.118400000 0.006780628 </Translation>
               </Transform>
            </BaseFrame>
            <FollowerFrame>
               <InstancePath>
                  <Uid>Md/ldxY9ay6PXaDwt</Uid>
               </InstancePath>
               <Transform>
                  <Rotation>1.000000000 0.000000000 0.000000000 0.000000000 0.000000000 1.000000000 0.000000000 -1.000000000 0.000000000 </Rotation>
                  <Translation>-0.023825139 0.118400000 0.006783486 </Translation>
               </Transform>
            </FollowerFrame>
         </Weld>
         <Revolute name="Revolute20">
            <BaseFrame>
               <InstancePath>
                  <Uid>Mt3FgXT9/aIAVV+Fe</Uid>
               </InstancePath>
               <Transform>
                  <Rotation>1.000000000 0.000000000 -0.000000000 0.000000000 0.000000000 1.000000000 0.000000000 -1.000000000 -0.000000000 </Rotation>
                  <Translation>0.000000000 0.078800000 -0.000000000 </Translation>
               </Transform>
            </BaseFrame>
            <FollowerFrame>
               <InstancePath>
                  <Uid>MEhe6EvhF50paFOVB</Uid>
               </InstancePath>
               <Transform>
                  <Rotation>1.000000000 0.000000000 0.000000000 0.000000000 0.000000000 1.000000000 0.000000000 -1.000000000 0.000000000 </Rotation>
                  <Translation>0.000000000 0.078800000 -0.000000000 </Translation>
               </Transform>
            </FollowerFrame>
         </Revolute>
         <Weld name="Fastened14">
            <BaseFrame>
               <InstancePath>
                  <Uid>MEhe6EvhF50paFOVB</Uid>
               </InstancePath>
               <Transform>
                  <Rotation>1.000000000 0.000000000 -0.000000000 0.000000000 0.000000000 1.000000000 0.000000000 -1.000000000 -0.000000000 </Rotation>
                  <Translation>0.000000000 0.074800000 -0.000000000 </Translation>
               </Transform>
            </BaseFrame>
            <FollowerFrame>
               <InstancePath>
                  <Uid>M+ZfB3SNIZe8V55is</Uid>
               </InstancePath>
               <Transform>
                  <Rotation>1.000000000 0.000000000 0.000000000 0.000000000 0.000000000 1.000000000 0.000000000 -1.000000000 0.000000000 </Rotation>
                  <Translation>0.000000000 0.074800000 -0.000000000 </Translation>
               </Transform>
            </FollowerFrame>
         </Weld>
         <Weld name="Fastened11">
            <BaseFrame>
               <InstancePath>
                  <Uid>Mt3FgXT9/aIAVV+Fe</Uid>
               </InstancePath>
               <Transform>
                  <Rotation>1.000000000 0.000000000 -0.000000000 0.000000000 0.000000000 -1.000000000 0.000000000 1.000000000 -0.000000000 </Rotation>
                  <Translation>-0.010048250 0.086600000 0.030381453 </Translation>
               </Transform>
            </BaseFrame>
            <FollowerFrame>
               <InstancePath>
                  <Uid>MCjqOdb0ZHFImRkI9</Uid>
               </InstancePath>
               <Transform>
                  <Rotation>1.000000000 -0.000000000 0.000000000 0.000000000 0.000000000 -1.000000000 0.000000000 1.000000000 0.000000000 </Rotation>
                  <Translation>-0.010048250 0.086600000 0.030381453 </Translation>
               </Transform>
            </FollowerFrame>
         </Weld>
         <Revolute name="Revolute18">
            <BaseFrame>
               <InstancePath>
                  <Uid>MC7DNYQX7c+ZrnvzA</Uid>
               </InstancePath>
               <Transform>
                  <Rotation>0.000000000 1.000000000 -0.000000000 0.000000000 0.000000000 1.000000000 1.000000000 -0.000000000 -0.000000000 </Rotation>
                  <Translation>-0.010048250 0.110600000 0.030381453 </Translation>
               </Transform>
            </BaseFrame>
            <FollowerFrame>
               <InstancePath>
                  <Uid>MCjqOdb0ZHFImRkI9</Uid>
               </InstancePath>
               <Transform>
                  <Rotation>1.000000000 0.000000000 0.000000000 0.000000000 0.000000000 1.000000000 0.000000000 -1.000000000 0.000000000 </Rotation>
                  <Translation>-0.010048250 0.110600000 0.030381453 </Translation>
               </Transform>
            </FollowerFrame>
         </Revolute>
         <Revolute name="Revolute21">
            <BaseFrame>
               <InstancePath>
                  <Uid>MLXebeq1y6JZgNbcM</Uid>
               </InstancePath>
               <Transform>
                  <Rotation>1.000000000 0.000000000 -0.000000000 0.000000000 0.000000000 1.000000000 0.000000000 -1.000000000 -0.000000000 </Rotation>
                  <Translation>0.045101801 0.118400000 -0.002091180 </Translation>
               </Transform>
            </BaseFrame>
            <FollowerFrame>
               <InstancePath>
                  <Uid>MC7DNYQX7c+ZrnvzA</Uid>
               </InstancePath>
               <Transform>
                  <Rotation>1.000000000 0.000000000 0.000000000 0.000000000 0.000000000 1.000000000 0.000000000 -1.000000000 0.000000000 </Rotation>
                  <Translation>0.045101801 0.118400000 -0.002091180 </Translation>
               </Transform>
            </FollowerFrame>
         </Revolute>
         <Weld name="Fastened15">
            <BaseFrame>
               <InstancePath>
                  <Uid>M02Z7wFD2+BwEdrh+</Uid>
               </InstancePath>
               <Transform>
                  <Rotation>1.000000000 0.000000000 -0.000000000 0.000000000 0.000000000 1.000000000 0.000000000 -1.000000000 -0.000000000 </Rotation>
                  <Translation>0.052000000 0.074800000 0.037309516 </Translation>
               </Transform>
            </BaseFrame>
            <FollowerFrame>
               <InstancePath>
                  <Uid>M+ZfB3SNIZe8V55is</Uid>
               </InstancePath>
               <Transform>
                  <Rotation>1.000000000 0.000000000 0.000000000 0.000000000 0.000000000 1.000000000 0.000000000 -1.000000000 0.000000000 </Rotation>
                  <Translation>0.052000000 0.074800000 0.037309516 </Translation>
               </Transform>
            </FollowerFrame>
         </Weld>
         <Revolute name="Revolute22">
            <BaseFrame>
               <InstancePath>
                  <Uid>MLXebeq1y6JZgNbcM</Uid>
               </InstancePath>
               <Transform>
                  <Rotation>-0.000000000 -1.000000000 -0.000000000 -0.000000000 0.000000000 1.000000000 -1.000000000 0.000000000 -0.000000000 </Rotation>
                  <Translation>-0.000740652 0.118400000 -0.057611172 </Translation>
               </Transform>
            </BaseFrame>
            <FollowerFrame>
               <InstancePath>
                  <Uid>MHmAIyT7gTm8rVmh3</Uid>
               </InstancePath>
               <Transform>
                  <Rotation>1.000000000 0.000000000 0.000000000 0.000000000 0.000000000 1.000000000 0.000000000 -1.000000000 0.000000000 </Rotation>
                  <Translation>-0.000740652 0.118400000 -0.057611172 </Translation>
               </Transform>
            </FollowerFrame>
         </Revolute>
         <Revolute name="Revolute23">
            <BaseFrame>
               <InstancePath>
                  <Uid>MWHMBJWHd63yzRE4j</Uid>
               </InstancePath>
               <Transform>
                  <Rotation>1.000000000 0.000000000 -0.000000000 0.000000000 0.000000000 -1.000000000 0.000000000 1.000000000 -0.000000000 </Rotation>
                  <Translation>0.045101801 0.110600000 -0.002091180 </Translation>
               </Transform>
            </BaseFrame>
            <FollowerFrame>
               <InstancePath>
                  <Uid>MC7DNYQX7c+ZrnvzA</Uid>
               </InstancePath>
               <Transform>
                  <Rotation>1.000000000 -0.000000000 0.000000000 0.000000000 0.000000000 -1.000000000 0.000000000 1.000000000 0.000000000 </Rotation>
                  <Translation>0.045101801 0.110600000 -0.002091180 </Translation>
               </Transform>
            </FollowerFrame>
         </Revolute>
         <Revolute name="Revolute24">
            <BaseFrame>
               <InstancePath>
                  <Uid>MWHMBJWHd63yzRE4j</Uid>
               </InstancePath>
               <Transform>
                  <Rotation>1.000000000 0.000000000 -0.000000000 0.000000000 0.000000000 1.000000000 0.000000000 -1.000000000 -0.000000000 </Rotation>
                  <Translation>0.052000000 0.102800000 0.037309516 </Translation>
               </Transform>
            </BaseFrame>
            <FollowerFrame>
               <InstancePath>
                  <Uid>M02Z7wFD2+BwEdrh+</Uid>
               </InstancePath>
               <Transform>
                  <Rotation>1.000000000 0.000000000 0.000000000 0.000000000 0.000000000 1.000000000 0.000000000 -1.000000000 0.000000000 </Rotation>
                  <Translation>0.052000000 0.102800000 0.037309516 </Translation>
               </Transform>
            </FollowerFrame>
         </Revolute>
         <Revolute name="Revolute25">
            <BaseFrame>
               <InstancePath>
                  <Uid>MRqRTxAU0QSWouB90</Uid>
               </InstancePath>
               <Transform>
                  <Rotation>1.000000000 0.000000000 -0.000000000 0.000000000 0.000000000 1.000000000 0.000000000 -1.000000000 -0.000000000 </Rotation>
                  <Translation>0.003739263 0.118400000 0.022263295 </Translation>
               </Transform>
            </BaseFrame>
            <FollowerFrame>
               <InstancePath>
                  <Uid>MC7DNYQX7c+ZrnvzA</Uid>
               </InstancePath>
               <Transform>
                  <Rotation>1.000000000 0.000000000 0.000000000 0.000000000 0.000000000 1.000000000 0.000000000 -1.000000000 0.000000000 </Rotation>
                  <Translation>0.003739263 0.118400000 0.022263295 </Translation>
               </Transform>
            </FollowerFrame>
         </Revolute>
         <Revolute name="Revolute26">
            <BaseFrame>
               <InstancePath>
                  <Uid>MZ5RLa4gP1alk6CCa</Uid>
               </InstancePath>
               <Transform>
                  <Rotation>0.000000000 1.000000000 -0.000000000 0.000000000 0.000000000 1.000000000 1.000000000 -0.000000000 -0.000000000 </Rotation>
                  <Translation>-0.010048250 0.118400000 0.030381453 </Translation>
               </Transform>
            </BaseFrame>
            <FollowerFrame>
               <InstancePath>
                  <Uid>MC7DNYQX7c+ZrnvzA</Uid>
               </InstancePath>
               <Transform>
                  <Rotation>1.000000000 0.000000000 0.000000000 0.000000000 0.000000000 1.000000000 0.000000000 -1.000000000 0.000000000 </Rotation>
                  <Translation>-0.010048250 0.118400000 0.030381453 </Translation>
               </Transform>
            </FollowerFrame>
         </Revolute>
         <Weld name="Fastened12">
            <BaseFrame>
               <InstancePath>
                  <Uid>MHmAIyT7gTm8rVmh3</Uid>
               </InstancePath>
               <Transform>
                  <Rotation>1.000000000 0.000000000 -0.000000000 0.000000000 0.000000000 -1.000000000 0.000000000 1.000000000 -0.000000000 </Rotation>
                  <Translation>0.002843280 0.118400000 0.006288401 </Translation>
               </Transform>
            </BaseFrame>
            <FollowerFrame>
               <InstancePath>
                  <Uid>MRqRTxAU0QSWouB90</Uid>
               </InstancePath>
               <Transform>
                  <Rotation>1.000000000 -0.000000000 0.000000000 0.000000000 0.000000000 -1.000000000 0.000000000 1.000000000 0.000000000 </Rotation>
                  <Translation>0.002843280 0.118400000 0.006288401 </Translation>
               </Transform>
            </FollowerFrame>
         </Weld>
         <Revolute name="Revolute11">
            <BaseFrame>
               <InstancePath>
                  <Uid>MJkF9MQs/yTioq4PS</Uid>
               </InstancePath>
               <Transform>
                  <Rotation>1.000000000 0.000000000 -0.000000000 0.000000000 0.000000000 1.000000000 0.000000000 -1.000000000 -0.000000000 </Rotation>
                  <Translation>0.090325208 0.007800000 -0.067900045 </Translation>
               </Transform>
            </BaseFrame>
            <FollowerFrame>
               <InstancePath>
                  <Uid>MXzZbBmkDaKQkFjS8</Uid>
               </InstancePath>
               <Transform>
                  <Rotation>1.000000000 0.000000000 0.000000000 0.000000000 0.000000000 1.000000000 0.000000000 -1.000000000 0.000000000 </Rotation>
                  <Translation>0.090330752 0.007800000 -0.067915764 </Translation>
               </Transform>
            </FollowerFrame>
         </Revolute>
         <Revolute name="Revolute12">
            <BaseFrame>
               <InstancePath>
                  <Uid>MkE/8tQ2r7nvBIxz3</Uid>
               </InstancePath>
               <Transform>
                  <Rotation>1.000000000 0.000000000 -0.000000000 0.000000000 0.000000000 -1.000000000 0.000000000 1.000000000 -0.000000000 </Rotation>
                  <Translation>0.024355057 0.007800000 -0.022669684 </Translation>
               </Transform>
            </BaseFrame>
            <FollowerFrame>
               <InstancePath>
                  <Uid>M1/w5YNcix31CdHRM</Uid>
               </InstancePath>
               <Transform>
                  <Rotation>1.000000000 -0.000000000 0.000000000 0.000000000 0.000000000 -1.000000000 0.000000000 1.000000000 0.000000000 </Rotation>
                  <Translation>0.024353152 0.007800000 -0.022668377 </Translation>
               </Transform>
            </FollowerFrame>
         </Revolute>
      </Joints>
   </RootAssembly>
   <Assemblies/>
   <Parts>
      <Part name="Part 1" uid="JJD*:*422e7aaaa7bf9dce380147a4">
         <ModelUnits length="millimeter" mass="gram"/>
         <MassProperties>
            <Mass>0.00594149034</Mass>
            <CenterOfMass>-0.058046953 0.003900000 -0.036869549 </CenterOfMass>
            <Inertia>0.000002801 0.000003056 0.000000315 0.000000000 -0.000000837 0.000000000 </Inertia>
         </MassProperties>
         <GeometryFile name="Part 1.step" type="STEP"/>
         <VisualProperties>
            <Ambient a="1.000000000" b="0.917647059" g="0.917647059" r="0.917647059"/>
            <Diffuse a="1.000000000" b="0.917647059" g="0.917647059" r="0.917647059"/>
            <Specular a="1.000000000" b="0.917647059" g="0.917647059" r="0.917647059"/>
            <Emissive a="1" b="0" g="0" r="0"/>
            <Shininess>0.5</Shininess>
         </VisualProperties>
      </Part>
      <Part name="Part 2" uid="JMD*:*422e7aaaa7bf9dce380147a4">
         <ModelUnits length="millimeter" mass="gram"/>
         <MassProperties>
            <Mass>0.00532916335</Mass>
            <CenterOfMass>-0.018751392 0.011702505 -0.016405638 </CenterOfMass>
            <Inertia>0.000000466 0.000002215 0.000001803 0.000000000 0.000000849 -0.000000000 </Inertia>
         </MassProperties>
         <GeometryFile name="Part 2.step" type="STEP"/>
         <VisualProperties>
            <Ambient a="1.000000000" b="0.917647059" g="0.917647059" r="0.917647059"/>
            <Diffuse a="1.000000000" b="0.917647059" g="0.917647059" r="0.917647059"/>
            <Specular a="1.000000000" b="0.917647059" g="0.917647059" r="0.917647059"/>
            <Emissive a="1" b="0" g="0" r="0"/>
            <Shininess>0.5</Shininess>
         </VisualProperties>
      </Part>
      <Part name="Part 3" uid="JPD*:*422e7aaaa7bf9dce380147a4">
         <ModelUnits length="millimeter" mass="gram"/>
         <MassProperties>
            <Mass>0.00350789034</Mass>
            <CenterOfMass>-0.049765077 0.019500000 0.017434780 </CenterOfMass>
            <Inertia>0.000000635 0.000000642 0.000000043 0.000000000 0.000000067 0.000000000 </Inertia>
         </MassProperties>
         <GeometryFile name="Part 3.step" type="STEP"/>
         <VisualProperties>
            <Ambient a="1.000000000" b="0.917647059" g="0.917647059" r="0.917647059"/>
            <Diffuse a="1.000000000" b="0.917647059" g="0.917647059" r="0.917647059"/>
            <Specular a="1.000000000" b="0.917647059" g="0.917647059" r="0.917647059"/>
            <Emissive a="1" b="0" g="0" r="0"/>
            <Shininess>0.5</Shininess>
         </VisualProperties>
      </Part>
      <Part name="Part 4" uid="JSD*:*422e7aaaa7bf9dce380147a4">
         <ModelUnits length="millimeter" mass="gram"/>
         <MassProperties>
            <Mass>0.00515153919</Mass>
            <CenterOfMass>-0.042095878 0.011625321 -0.051378131 </CenterOfMass>
            <Inertia>0.000000753 0.000002022 0.000001320 -0.000000008 -0.000000944 -0.000000010 </Inertia>
         </MassProperties>
         <GeometryFile name="Part 4.step" type="STEP"/>
         <VisualProperties>
            <Ambient a="1.000000000" b="0.917647059" g="0.917647059" r="0.917647059"/>
            <Diffuse a="1.000000000" b="0.917647059" g="0.917647059" r="0.917647059"/>
            <Specular a="1.000000000" b="0.917647059" g="0.917647059" r="0.917647059"/>
            <Emissive a="1" b="0" g="0" r="0"/>
            <Shininess>0.5</Shininess>
         </VisualProperties>
      </Part>
      <Part name="Part 5" uid="JVD*:*422e7aaaa7bf9dce380147a4">
         <ModelUnits length="millimeter" mass="gram"/>
         <MassProperties>
            <Mass>0.00289949034</Mass>
            <CenterOfMass>-0.017371834 0.003900000 -0.032888370 </CenterOfMass>
            <Inertia>0.000000151 0.000000367 0.000000246 0.000000000 -0.000000163 0.000000000 </Inertia>
         </MassProperties>
         <GeometryFile name="Part 5.step" type="STEP"/>
         <VisualProperties>
            <Ambient a="1.000000000" b="0.917647059" g="0.917647059" r="0.917647059"/>
            <Diffuse a="1.000000000" b="0.917647059" g="0.917647059" r="0.917647059"/>
            <Specular a="1.000000000" b="0.917647059" g="0.917647059" r="0.917647059"/>
            <Emissive a="1" b="0" g="0" r="0"/>
            <Shininess>0.5</Shininess>
         </VisualProperties>
      </Part>
      <Part name="Part 6" uid="JYD*:*422e7aaaa7bf9dce380147a4">
         <ModelUnits length="millimeter" mass="gram"/>
         <MassProperties>
            <Mass>0.00143350873</Mass>
            <CenterOfMass>0.010048250 0.027600000 -0.030381453 </CenterOfMass>
            <Inertia>0.000000074 0.000000011 0.000000074 0.000000000 0.000000000 0.000000000 </Inertia>
         </MassProperties>
         <GeometryFile name="Part 6.step" type="STEP"/>
         <VisualProperties>
            <Ambient a="1.000000000" b="0.301960784" g="0.301960784" r="0.301960784"/>
            <Diffuse a="1.000000000" b="0.301960784" g="0.301960784" r="0.301960784"/>
            <Specular a="1.000000000" b="0.301960784" g="0.301960784" r="0.301960784"/>
            <Emissive a="1" b="0" g="0" r="0"/>
            <Shininess>0.5</Shininess>
         </VisualProperties>
      </Part>
      <Part name="Part 7" uid="JbD*:*422e7aaaa7bf9dce380147a4">
         <ModelUnits length="millimeter" mass="gram"/>
         <MassProperties>
            <Mass>0.00167242685</Mass>
            <CenterOfMass>-0.052000000 0.037400000 0.037309516 </CenterOfMass>
            <Inertia>0.000000116 0.000000013 0.000000116 0.000000000 0.000000000 0.000000000 </Inertia>
         </MassProperties>
         <GeometryFile name="Part 7.step" type="STEP"/>
         <VisualProperties>
            <Ambient a="1.000000000" b="0.301960784" g="0.301960784" r="0.301960784"/>
            <Diffuse a="1.000000000" b="0.301960784" g="0.301960784" r="0.301960784"/>
            <Specular a="1.000000000" b="0.301960784" g="0.301960784" r="0.301960784"/>
            <Emissive a="1" b="0" g="0" r="0"/>
            <Shininess>0.5</Shininess>
         </VisualProperties>
      </Part>
      <Part name="Part 8" uid="JeD*:*422e7aaaa7bf9dce380147a4">
         <ModelUnits length="millimeter" mass="gram"/>
         <MassProperties>
            <Mass>0.00533309034</Mass>
            <CenterOfMass>-0.026000000 0.055300000 0.018654758 </CenterOfMass>
            <Inertia>0.000000789 0.000002216 0.000001481 0.000000000 0.000001025 0.000000000 </Inertia>
         </MassProperties>
         <GeometryFile name="Part 8.step" type="STEP"/>
         <VisualProperties>
            <Ambient a="1.000000000" b="0.917647059" g="0.917647059" r="0.917647059"/>
            <Diffuse a="1.000000000" b="0.917647059" g="0.917647059" r="0.917647059"/>
            <Specular a="1.000000000" b="0.917647059" g="0.917647059" r="0.917647059"/>
            <Emissive a="1" b="0" g="0" r="0"/>
            <Shininess>0.5</Shininess>
         </VisualProperties>
      </Part>
      <Part name="Part 9" uid="JhD*:*422e7aaaa7bf9dce380147a4">
         <ModelUnits length="millimeter" mass="gram"/>
         <MassProperties>
            <Mass>0.000238918121</Mass>
            <CenterOfMass>0.000000000 0.049400000 -0.000000000 </CenterOfMass>
            <Inertia>0.000000001 0.000000002 0.000000001 0.000000000 0.000000000 0.000000000 </Inertia>
         </MassProperties>
         <GeometryFile name="Part 9.step" type="STEP"/>
         <VisualProperties>
            <Ambient a="1.000000000" b="0.301960784" g="0.301960784" r="0.301960784"/>
            <Diffuse a="1.000000000" b="0.301960784" g="0.301960784" r="0.301960784"/>
            <Specular a="1.000000000" b="0.301960784" g="0.301960784" r="0.301960784"/>
            <Emissive a="1" b="0" g="0" r="0"/>
            <Shininess>0.5</Shininess>
         </VisualProperties>
      </Part>
      <Part name="Part 10" uid="JkD*:*422e7aaaa7bf9dce380147a4">
         <ModelUnits length="millimeter" mass="gram"/>
         <MassProperties>
            <Mass>0.00289949034</Mass>
            <CenterOfMass>0.005024125 0.043500000 -0.015190726 </CenterOfMass>
            <Inertia>0.000000335 0.000000367 0.000000062 0.000000000 0.000000101 0.000000000 </Inertia>
         </MassProperties>
         <GeometryFile name="Part 10.step" type="STEP"/>
         <VisualProperties>
            <Ambient a="1.000000000" b="0.917647059" g="0.917647059" r="0.917647059"/>
            <Diffuse a="1.000000000" b="0.917647059" g="0.917647059" r="0.917647059"/>
            <Specular a="1.000000000" b="0.917647059" g="0.917647059" r="0.917647059"/>
            <Emissive a="1" b="0" g="0" r="0"/>
            <Shininess>0.5</Shininess>
         </VisualProperties>
      </Part>
      <Part name="Part 11" uid="JnD*:*422e7aaaa7bf9dce380147a4">
         <ModelUnits length="millimeter" mass="gram"/>
         <MassProperties>
            <Mass>0.00837509034</Mass>
            <CenterOfMass>0.000000000 0.063100000 0.037309516 </CenterOfMass>
            <Inertia>0.000000084 0.000008512 0.000008513 0.000000000 0.000000000 0.000000000 </Inertia>
         </MassProperties>
         <GeometryFile name="Part 11.step" type="STEP"/>
         <VisualProperties>
            <Ambient a="1.000000000" b="0.917647059" g="0.917647059" r="0.917647059"/>
            <Diffuse a="1.000000000" b="0.917647059" g="0.917647059" r="0.917647059"/>
            <Specular a="1.000000000" b="0.917647059" g="0.917647059" r="0.917647059"/>
            <Emissive a="1" b="0" g="0" r="0"/>
            <Shininess>0.5</Shininess>
         </VisualProperties>
      </Part>
      <Part name="Part 12" uid="JqD*:*422e7aaaa7bf9dce380147a4">
         <ModelUnits length="millimeter" mass="gram"/>
         <MassProperties>
            <Mass>0.000465890337</Mass>
            <CenterOfMass>0.000000000 0.063100000 -0.000000000 </CenterOfMass>
            <Inertia>0.000000004 0.000000004 0.000000004 0.000000000 0.000000000 0.000000000 </Inertia>
         </MassProperties>
         <GeometryFile name="Part 12.step" type="STEP"/>
         <VisualProperties>
            <Ambient a="1.000000000" b="0.301960784" g="0.301960784" r="0.301960784"/>
            <Diffuse a="1.000000000" b="0.301960784" g="0.301960784" r="0.301960784"/>
            <Specular a="1.000000000" b="0.301960784" g="0.301960784" r="0.301960784"/>
            <Emissive a="1" b="0" g="0" r="0"/>
            <Shininess>0.5</Shininess>
         </VisualProperties>
      </Part>
      <Part name="Part 13" uid="JtD*:*422e7aaaa7bf9dce380147a4">
         <ModelUnits length="millimeter" mass="gram"/>
         <MassProperties>
            <Mass>0.00533309034</Mass>
            <CenterOfMass>0.026000000 0.070900000 0.018654758 </CenterOfMass>
            <Inertia>0.000000789 0.000002216 0.000001481 0.000000000 -0.000001025 0.000000000 </Inertia>
         </MassProperties>
         <GeometryFile name="Part 13.step" type="STEP"/>
         <VisualProperties>
            <Ambient a="1.000000000" b="0.917647059" g="0.917647059" r="0.917647059"/>
            <Diffuse a="1.000000000" b="0.917647059" g="0.917647059" r="0.917647059"/>
            <Specular a="1.000000000" b="0.917647059" g="0.917647059" r="0.917647059"/>
            <Emissive a="1" b="0" g="0" r="0"/>
            <Shininess>0.5</Shininess>
         </VisualProperties>
      </Part>
      <Part name="Part 14" uid="J1D*:*422e7aaaa7bf9dce380147a4">
         <ModelUnits length="millimeter" mass="gram"/>
         <MassProperties>
            <Mass>0.00532916335</Mass>
            <CenterOfMass>0.038226877 0.003897495 -0.015192386 </CenterOfMass>
            <Inertia>0.000000540 0.000002215 0.000001729 -0.000000000 -0.000000903 -0.000000000 </Inertia>
         </MassProperties>
         <GeometryFile name="Part 14.step" type="STEP"/>
         <VisualProperties>
            <Ambient a="1.000000000" b="0.917647059" g="0.917647059" r="0.917647059"/>
            <Diffuse a="1.000000000" b="0.917647059" g="0.917647059" r="0.917647059"/>
            <Specular a="1.000000000" b="0.917647059" g="0.917647059" r="0.917647059"/>
            <Emissive a="1" b="0" g="0" r="0"/>
            <Shininess>0.5</Shininess>
         </VisualProperties>
      </Part>
      <Part name="Part 15" uid="J4D*:*422e7aaaa7bf9dce380147a4">
         <ModelUnits length="millimeter" mass="gram"/>
         <MassProperties>
            <Mass>0.0059418775</Mass>
            <CenterOfMass>0.078352370 0.011700000 -0.033949329 </CenterOfMass>
            <Inertia>0.000002726 0.000003057 0.000000391 0.000000000 0.000000940 0.000000000 </Inertia>
         </MassProperties>
         <GeometryFile name="Part 15.step" type="STEP"/>
         <VisualProperties>
            <Ambient a="1.000000000" b="0.917647059" g="0.917647059" r="0.917647059"/>
            <Diffuse a="1.000000000" b="0.917647059" g="0.917647059" r="0.917647059"/>
            <Specular a="1.000000000" b="0.917647059" g="0.917647059" r="0.917647059"/>
            <Emissive a="1" b="0" g="0" r="0"/>
            <Shininess>0.5</Shininess>
         </VisualProperties>
      </Part>
      <Part name="Part 16" uid="J7D*:*422e7aaaa7bf9dce380147a4">
         <ModelUnits length="millimeter" mass="gram"/>
         <MassProperties>
            <Mass>0.00350789034</Mass>
            <CenterOfMass>0.059192538 0.019500000 0.018647592 </CenterOfMass>
            <Inertia>0.000000564 0.000000642 0.000000114 0.000000000 0.000000204 0.000000000 </Inertia>
         </MassProperties>
         <GeometryFile name="Part 16.step" type="STEP"/>
         <VisualProperties>
            <Ambient a="1.000000000" b="0.917647059" g="0.917647059" r="0.917647059"/>
            <Diffuse a="1.000000000" b="0.917647059" g="0.917647059" r="0.917647059"/>
            <Specular a="1.000000000" b="0.917647059" g="0.917647059" r="0.917647059"/>
            <Emissive a="1" b="0" g="0" r="0"/>
            <Shininess>0.5</Shininess>
         </VisualProperties>
      </Part>
      <Part name="Part 17" uid="J/D*:*422e7aaaa7bf9dce380147a4">
         <ModelUnits length="millimeter" mass="gram"/>
         <MassProperties>
            <Mass>0.00533309034</Mass>
            <CenterOfMass>0.063940474 0.003900000 -0.049817332 </CenterOfMass>
            <Inertia>0.000000745 0.000002216 0.000001525 0.000000000 0.000001009 0.000000000 </Inertia>
         </MassProperties>
         <GeometryFile name="Part 17.step" type="STEP"/>
         <VisualProperties>
            <Ambient a="1.000000000" b="0.917647059" g="0.917647059" r="0.917647059"/>
            <Diffuse a="1.000000000" b="0.917647059" g="0.917647059" r="0.917647059"/>
            <Specular a="1.000000000" b="0.917647059" g="0.917647059" r="0.917647059"/>
            <Emissive a="1" b="0" g="0" r="0"/>
            <Shininess>0.5</Shininess>
         </VisualProperties>
      </Part>
      <Part name="Part 18" uid="RCBD*:*422e7aaaa7bf9dce380147a4">
         <ModelUnits length="millimeter" mass="gram"/>
         <MassProperties>
            <Mass>0.00289969301</Mass>
            <CenterOfMass>0.037548291 0.011700000 -0.031717593 </CenterOfMass>
            <Inertia>0.000000137 0.000000368 0.000000260 0.000000000 0.000000158 0.000000000 </Inertia>
         </MassProperties>
         <GeometryFile name="Part 18.step" type="STEP"/>
         <VisualProperties>
            <Ambient a="1.000000000" b="0.917647059" g="0.917647059" r="0.917647059"/>
            <Diffuse a="1.000000000" b="0.917647059" g="0.917647059" r="0.917647059"/>
            <Specular a="1.000000000" b="0.917647059" g="0.917647059" r="0.917647059"/>
            <Emissive a="1" b="0" g="0" r="0"/>
            <Shininess>0.5</Shininess>
         </VisualProperties>
      </Part>
      <Part name="Part 19" uid="RFBD*:*422e7aaaa7bf9dce380147a4">
         <ModelUnits length="millimeter" mass="gram"/>
         <MassProperties>
            <Mass>0.00213831719</Mass>
            <CenterOfMass>0.052000000 0.041300000 0.037309516 </CenterOfMass>
            <Inertia>0.000000237 0.000000016 0.000000237 0.000000000 0.000000000 0.000000000 </Inertia>
         </MassProperties>
         <GeometryFile name="Part 19.step" type="STEP"/>
         <VisualProperties>
            <Ambient a="1.000000000" b="0.301960784" g="0.301960784" r="0.301960784"/>
            <Diffuse a="1.000000000" b="0.301960784" g="0.301960784" r="0.301960784"/>
            <Specular a="1.000000000" b="0.301960784" g="0.301960784" r="0.301960784"/>
            <Emissive a="1" b="0" g="0" r="0"/>
            <Shininess>0.5</Shininess>
         </VisualProperties>
      </Part>
      <Part name="Part 20" uid="RPBD*:*422e7aaaa7bf9dce380147a4">
         <ModelUnits length="millimeter" mass="gram"/>
         <MassProperties>
            <Mass>0.00213831719</Mass>
            <CenterOfMass>-0.052000000 0.084900000 0.037309516 </CenterOfMass>
            <Inertia>0.000000237 0.000000016 0.000000237 0.000000000 0.000000000 0.000000000 </Inertia>
         </MassProperties>
         <GeometryFile name="Part 20.step" type="STEP"/>
         <VisualProperties>
            <Ambient a="1.000000000" b="0.301960784" g="0.301960784" r="0.301960784"/>
            <Diffuse a="1.000000000" b="0.301960784" g="0.301960784" r="0.301960784"/>
            <Specular a="1.000000000" b="0.301960784" g="0.301960784" r="0.301960784"/>
            <Emissive a="1" b="0" g="0" r="0"/>
            <Shininess>0.5</Shininess>
         </VisualProperties>
      </Part>
      <Part name="Part 21" uid="RSBD*:*422e7aaaa7bf9dce380147a4">
         <ModelUnits length="millimeter" mass="gram"/>
         <MassProperties>
            <Mass>0.00350789034</Mass>
            <CenterOfMass>-0.059182780 0.106700000 0.018643835 </CenterOfMass>
            <Inertia>0.000000564 0.000000642 0.000000113 0.000000000 -0.000000204 0.000000000 </Inertia>
         </MassProperties>
         <GeometryFile name="Part 21.step" type="STEP"/>
         <VisualProperties>
            <Ambient a="1.000000000" b="0.917647059" g="0.917647059" r="0.917647059"/>
            <Diffuse a="1.000000000" b="0.917647059" g="0.917647059" r="0.917647059"/>
            <Specular a="1.000000000" b="0.917647059" g="0.917647059" r="0.917647059"/>
            <Emissive a="1" b="0" g="0" r="0"/>
            <Shininess>0.5</Shininess>
         </VisualProperties>
      </Part>
      <Part name="Part 22" uid="RVBD*:*422e7aaaa7bf9dce380147a4">
         <ModelUnits length="millimeter" mass="gram"/>
         <MassProperties>
            <Mass>0.00594149034</Mass>
            <CenterOfMass>-0.044490471 0.114500000 -0.028613463 </CenterOfMass>
            <Inertia>0.000001950 0.000003056 0.000001166 0.000000000 0.000001446 0.000000000 </Inertia>
         </MassProperties>
         <GeometryFile name="Part 22.step" type="STEP"/>
         <VisualProperties>
            <Ambient a="1.000000000" b="0.917647059" g="0.917647059" r="0.917647059"/>
            <Diffuse a="1.000000000" b="0.917647059" g="0.917647059" r="0.917647059"/>
            <Specular a="1.000000000" b="0.917647059" g="0.917647059" r="0.917647059"/>
            <Emissive a="1" b="0" g="0" r="0"/>
            <Shininess>0.5</Shininess>
         </VisualProperties>
      </Part>
      <Part name="Part 23" uid="RYBD*:*422e7aaaa7bf9dce380147a4">
         <ModelUnits length="millimeter" mass="gram"/>
         <MassProperties>
            <Mass>0.0053328729</Mass>
            <CenterOfMass>-0.023220233 0.122300000 -0.025212226 </CenterOfMass>
            <Inertia>0.000002216 0.000002216 0.000000054 0.000000000 0.000000041 0.000000000 </Inertia>
         </MassProperties>
         <GeometryFile name="Part 23.step" type="STEP"/>
         <VisualProperties>
            <Ambient a="1.000000000" b="0.917647059" g="0.917647059" r="0.917647059"/>
            <Diffuse a="1.000000000" b="0.917647059" g="0.917647059" r="0.917647059"/>
            <Specular a="1.000000000" b="0.917647059" g="0.917647059" r="0.917647059"/>
            <Emissive a="1" b="0" g="0" r="0"/>
            <Shininess>0.5</Shininess>
         </VisualProperties>
      </Part>
      <Part name="Part 24" uid="RbBD*:*422e7aaaa7bf9dce380147a4">
         <ModelUnits length="millimeter" mass="gram"/>
         <MassProperties>
            <Mass>0.00289949034</Mass>
            <CenterOfMass>-0.023825139 0.114500000 0.006783486 </CenterOfMass>
            <Inertia>0.000000368 0.000000367 0.000000029 0.000000000 0.000000006 0.000000000 </Inertia>
         </MassProperties>
         <GeometryFile name="Part 24.step" type="STEP"/>
         <VisualProperties>
            <Ambient a="1.000000000" b="0.917647059" g="0.917647059" r="0.917647059"/>
            <Diffuse a="1.000000000" b="0.917647059" g="0.917647059" r="0.917647059"/>
            <Specular a="1.000000000" b="0.917647059" g="0.917647059" r="0.917647059"/>
            <Emissive a="1" b="0" g="0" r="0"/>
            <Shininess>0.5</Shininess>
         </VisualProperties>
      </Part>
      <Part name="Part 25" uid="ReBD*:*422e7aaaa7bf9dce380147a4">
         <ModelUnits length="millimeter" mass="gram"/>
         <MassProperties>
            <Mass>0.00533035982</Mass>
            <CenterOfMass>-0.038214117 0.122301742 0.015175909 </CenterOfMass>
            <Inertia>0.000000541 0.000002215 0.000001728 -0.000000000 -0.000000904 -0.000000000 </Inertia>
         </MassProperties>
         <GeometryFile name="Part 25.step" type="STEP"/>
         <VisualProperties>
            <Ambient a="1.000000000" b="0.917647059" g="0.917647059" r="0.917647059"/>
            <Diffuse a="1.000000000" b="0.917647059" g="0.917647059" r="0.917647059"/>
            <Specular a="1.000000000" b="0.917647059" g="0.917647059" r="0.917647059"/>
            <Emissive a="1" b="0" g="0" r="0"/>
            <Shininess>0.5</Shininess>
         </VisualProperties>
      </Part>
      <Part name="Part 26" uid="RhBD*:*422e7aaaa7bf9dce380147a4">
         <ModelUnits length="millimeter" mass="gram"/>
         <MassProperties>
            <Mass>0.000238918121</Mass>
            <CenterOfMass>0.000000000 0.076800000 -0.000000000 </CenterOfMass>
            <Inertia>0.000000001 0.000000002 0.000000001 0.000000000 0.000000000 0.000000000 </Inertia>
         </MassProperties>
         <GeometryFile name="Part 26.step" type="STEP"/>
         <VisualProperties>
            <Ambient a="1.000000000" b="0.917647059" g="0.917647059" r="0.917647059"/>
            <Diffuse a="1.000000000" b="0.917647059" g="0.917647059" r="0.917647059"/>
            <Specular a="1.000000000" b="0.917647059" g="0.917647059" r="0.917647059"/>
            <Emissive a="1" b="0" g="0" r="0"/>
            <Shininess>0.5</Shininess>
         </VisualProperties>
      </Part>
      <Part name="Part 27" uid="RkBD*:*422e7aaaa7bf9dce380147a4">
         <ModelUnits length="millimeter" mass="gram"/>
         <MassProperties>
            <Mass>0.00289949034</Mass>
            <CenterOfMass>-0.005024125 0.082700000 0.015190726 </CenterOfMass>
            <Inertia>0.000000335 0.000000367 0.000000062 0.000000000 0.000000101 0.000000000 </Inertia>
         </MassProperties>
         <GeometryFile name="Part 27.step" type="STEP"/>
         <VisualProperties>
            <Ambient a="1.000000000" b="0.917647059" g="0.917647059" r="0.917647059"/>
            <Diffuse a="1.000000000" b="0.917647059" g="0.917647059" r="0.917647059"/>
            <Specular a="1.000000000" b="0.917647059" g="0.917647059" r="0.917647059"/>
            <Emissive a="1" b="0" g="0" r="0"/>
            <Shininess>0.5</Shininess>
         </VisualProperties>
      </Part>
      <Part name="Part 28" uid="RnBD*:*422e7aaaa7bf9dce380147a4">
         <ModelUnits length="millimeter" mass="gram"/>
         <MassProperties>
            <Mass>0.00143350873</Mass>
            <CenterOfMass>-0.010048250 0.098600000 0.030381453 </CenterOfMass>
            <Inertia>0.000000074 0.000000011 0.000000074 0.000000000 0.000000000 0.000000000 </Inertia>
         </MassProperties>
         <GeometryFile name="Part 28.step" type="STEP"/>
         <VisualProperties>
            <Ambient a="1.000000000" b="0.301960784" g="0.301960784" r="0.301960784"/>
            <Diffuse a="1.000000000" b="0.301960784" g="0.301960784" r="0.301960784"/>
            <Specular a="1.000000000" b="0.301960784" g="0.301960784" r="0.301960784"/>
            <Emissive a="1" b="0" g="0" r="0"/>
            <Shininess>0.5</Shininess>
         </VisualProperties>
      </Part>
      <Part name="Part 29" uid="RvBD*:*422e7aaaa7bf9dce380147a4">
         <ModelUnits length="millimeter" mass="gram"/>
         <MassProperties>
            <Mass>0.00167242685</Mass>
            <CenterOfMass>0.052000000 0.088800000 0.037309516 </CenterOfMass>
            <Inertia>0.000000116 0.000000013 0.000000116 0.000000000 0.000000000 0.000000000 </Inertia>
         </MassProperties>
         <GeometryFile name="Part 29.step" type="STEP"/>
         <VisualProperties>
            <Ambient a="1.000000000" b="0.301960784" g="0.301960784" r="0.301960784"/>
            <Diffuse a="1.000000000" b="0.301960784" g="0.301960784" r="0.301960784"/>
            <Specular a="1.000000000" b="0.301960784" g="0.301960784" r="0.301960784"/>
            <Emissive a="1" b="0" g="0" r="0"/>
            <Shininess>0.5</Shininess>
         </VisualProperties>
      </Part>
      <Part name="Part 30" uid="RyBD*:*422e7aaaa7bf9dce380147a4">
         <ModelUnits length="millimeter" mass="gram"/>
         <MassProperties>
            <Mass>0.00350789033</Mass>
            <CenterOfMass>0.048550900 0.106700000 0.017609168 </CenterOfMass>
            <Inertia>0.000000624 0.000000642 0.000000053 0.000000000 -0.000000103 0.000000000 </Inertia>
         </MassProperties>
         <GeometryFile name="Part 30.step" type="STEP"/>
         <VisualProperties>
            <Ambient a="1.000000000" b="0.917647059" g="0.917647059" r="0.917647059"/>
            <Diffuse a="1.000000000" b="0.917647059" g="0.917647059" r="0.917647059"/>
            <Specular a="1.000000000" b="0.917647059" g="0.917647059" r="0.917647059"/>
            <Emissive a="1" b="0" g="0" r="0"/>
            <Shininess>0.5</Shininess>
         </VisualProperties>
      </Part>
      <Part name="Part 31" uid="R1BD*:*422e7aaaa7bf9dce380147a4">
         <ModelUnits length="millimeter" mass="gram"/>
         <MassProperties>
            <Mass>0.00532916335</Mass>
            <CenterOfMass>0.017536935 0.114497495 0.014139154 </CenterOfMass>
            <Inertia>0.000000610 0.000002215 0.000001659 0.000000000 0.000000945 -0.000000000 </Inertia>
         </MassProperties>
         <GeometryFile name="Part 31.step" type="STEP"/>
         <VisualProperties>
            <Ambient a="1.000000000" b="0.917647059" g="0.917647059" r="0.917647059"/>
            <Diffuse a="1.000000000" b="0.917647059" g="0.917647059" r="0.917647059"/>
            <Specular a="1.000000000" b="0.917647059" g="0.917647059" r="0.917647059"/>
            <Emissive a="1" b="0" g="0" r="0"/>
            <Shininess>0.5</Shininess>
         </VisualProperties>
      </Part>
      <Part name="Part 32" uid="R4BD*:*422e7aaaa7bf9dce380147a4">
         <ModelUnits length="millimeter" mass="gram"/>
         <MassProperties>
            <Mass>0.00594149034</Mass>
            <CenterOfMass>0.022180574 0.122300000 -0.029851176 </CenterOfMass>
            <Inertia>0.000001842 0.000003056 0.000001275 0.000000000 -0.000001471 0.000000000 </Inertia>
         </MassProperties>
         <GeometryFile name="Part 32.step" type="STEP"/>
         <VisualProperties>
            <Ambient a="1.000000000" b="0.917647059" g="0.917647059" r="0.917647059"/>
            <Diffuse a="1.000000000" b="0.917647059" g="0.917647059" r="0.917647059"/>
            <Specular a="1.000000000" b="0.917647059" g="0.917647059" r="0.917647059"/>
            <Emissive a="1" b="0" g="0" r="0"/>
            <Shininess>0.5</Shininess>
         </VisualProperties>
      </Part>
      <Part name="Part 33" uid="R7BD*:*422e7aaaa7bf9dce380147a4">
         <ModelUnits length="millimeter" mass="gram"/>
         <MassProperties>
            <Mass>0.00533309034</Mass>
            <CenterOfMass>0.001051314 0.114500000 -0.025661385 </CenterOfMass>
            <Inertia>0.000002210 0.000002216 0.000000060 0.000000000 -0.000000121 0.000000000 </Inertia>
         </MassProperties>
         <GeometryFile name="Part 33.step" type="STEP"/>
         <VisualProperties>
            <Ambient a="1.000000000" b="0.917647059" g="0.917647059" r="0.917647059"/>
            <Diffuse a="1.000000000" b="0.917647059" g="0.917647059" r="0.917647059"/>
            <Specular a="1.000000000" b="0.917647059" g="0.917647059" r="0.917647059"/>
            <Emissive a="1" b="0" g="0" r="0"/>
            <Shininess>0.5</Shininess>
         </VisualProperties>
      </Part>
      <Part name="Part 34" uid="R+BD*:*422e7aaaa7bf9dce380147a4">
         <ModelUnits length="millimeter" mass="gram"/>
         <MassProperties>
            <Mass>0.00289949034</Mass>
            <CenterOfMass>0.002843280 0.122300000 0.006288401 </CenterOfMass>
            <Inertia>0.000000367 0.000000367 0.000000030 0.000000000 -0.000000019 0.000000000 </Inertia>
         </MassProperties>
         <GeometryFile name="Part 34.step" type="STEP"/>
         <VisualProperties>
            <Ambient a="1.000000000" b="0.917647059" g="0.917647059" r="0.917647059"/>
            <Diffuse a="1.000000000" b="0.917647059" g="0.917647059" r="0.917647059"/>
            <Specular a="1.000000000" b="0.917647059" g="0.917647059" r="0.917647059"/>
            <Emissive a="1" b="0" g="0" r="0"/>
            <Shininess>0.5</Shininess>
         </VisualProperties>
      </Part>
   </Parts>
</SimscapeMultibodyImportXML>